{"cameraMode":{"drawMode":0,"name":"Shaded","section":"Shading Mode"},"sceneLighting":true,"audioPlay":false,"sceneViewState":{"m_AlwaysRefresh":false,"showFog":true,"showSkybox":true,"showFlares":true,"showImageEffects":true,"showParticleSystems":true,"showVisualEffectGraphs":true,"m_FxEnabled":true},"in2DMode":false,"pivot":{"x":-9.236888885498047,"y":2.7470173835754396,"z":-17.878507614135743},"rotation":{"x":0.0027730842120945455,"y":0.9972183108329773,"z":-0.05721551552414894,"w":0.04907577857375145},"size":3.4826178550720217,"orthographic":false}