{"cameraMode":{"drawMode":0,"name":"Shaded","section":"Shading Mode"},"sceneLighting":true,"audioPlay":false,"sceneViewState":{"m_AlwaysRefresh":false,"showFog":true,"showSkybox":true,"showFlares":true,"showImageEffects":true,"showParticleSystems":true,"showVisualEffectGraphs":true,"m_FxEnabled":true},"in2DMode":false,"pivot":{"x":-12.717658042907715,"y":0.4921966791152954,"z":-11.459964752197266},"rotation":{"x":0.16153334081172944,"y":-0.03046858310699463,"z":0.004971939604729414,"w":0.9864582419395447},"size":3.8405728340148927,"orthographic":false}