{"cameraMode":{"drawMode":0,"name":"Shaded","section":"Shading Mode"},"sceneLighting":true,"audioPlay":false,"sceneViewState":{"m_AlwaysRefresh":false,"showFog":true,"showSkybox":true,"showFlares":true,"showImageEffects":true,"showParticleSystems":true,"showVisualEffectGraphs":true,"m_FxEnabled":true},"in2DMode":false,"pivot":{"x":22.714405059814454,"y":0.400337278842926,"z":-26.15860366821289},"rotation":{"x":0.16005393862724305,"y":-0.02898862399160862,"z":0.0047180671244859699,"w":0.9867136478424072},"size":2.8657853603363039,"orthographic":false}