{"cameraMode":{"drawMode":0,"name":"Shaded","section":"Shading Mode"},"sceneLighting":true,"audioPlay":false,"sceneViewState":{"m_AlwaysRefresh":false,"showFog":true,"showSkybox":true,"showFlares":true,"showImageEffects":true,"showParticleSystems":true,"showVisualEffectGraphs":true,"m_FxEnabled":true},"in2DMode":false,"pivot":{"x":-21.3771915435791,"y":1.0016645193099976,"z":-22.312057495117189},"rotation":{"x":0.0003604465746320784,"y":0.9979398250579834,"z":-0.06476663798093796,"w":0.005659225396811962},"size":1.0319883823394776,"orthographic":false}